hint_id,task_id,hint_order,hint_title,hint_content,hint_code_example,created_at,updated_at
1,1,1,input(),文字列を受け取るための関数です。,"player = input(""手を入力してください: "")",2026-05-18 09:10:00,2026-05-18 09:10:00
2,1,2,if / elif / else,"条件によって処理を分岐する構文です。","if player == ""グー"":
    print(""..."")
elif player == ""パー"":
    print(""..."")
else:
    print(""..."")",2026-05-18 09:10:00,2026-05-18 09:10:00
3,2,1,for 文,複数の値を順に処理する繰り返し構文です。,"total = 0
for score in scores:
    total += score",2026-05-17 15:42:00,2026-05-17 15:42:00
